{
    "loss": 8.94902515411377,
    "accuracy": 0.5179855823516846
}