{
    "loss": 13.716659545898438,
    "accuracy": 0.5467625856399536
}